{
    "type": "Feature",
    "properties": {
      "mag": 2.07,
      "place": "12km NNE of Lake Hughes, CA",
      "time": 1649802840630,
      "updated": 1649803082525,
      "tz": null,
      "url": "https://earthquake.usgs.gov/earthquakes/eventpage/ci39991063",
      "detail": "https://earthquake.usgs.gov/earthquakes/feed/v1.0/detail/ci39991063.geojson",
      "felt": null,
      "cdi": null,
      "mmi": null,
      "alert": null,
      "status": "automatic",
      "tsunami": 0,
      "sig": 66,
      "net": {
        "net": "ci",
        "description": "California Integrated Seismic Network: Southern California Seismic Network (Caltech/USGS Pasadena and Partners) and Southern California Earthquake Data Center"
      },
      "code": "39991063",
      "ids": ",ci39991063,",
      "sources": ",ci,",
      "types": ",nearby-cities,origin,phase-data,scitech-link,",
      "nst": 7,
      "dmin": 0.3313,
      "rms": 0.37,
      "gap": 246,
      "magType": {
        "magType": "ml",
        "magDescription": "ml  (local)",
        "Magnitude Range": "~2.0 to ~6.5", 
        "Distance Range": "0 - 600 km"
      },
      "type": "earthquake",
      "title": "M 2.1 - 12km NNE of Lake Hughes, CA"
    },
    "geometry": {
      "type": "Point",
      "coordinates": [
        -118.4033333,
        34.7781667,
        0.69
      ]
    },
    "id": "ci39991063"
  }
  {
    "type": "Feature",
    "properties": {
      "mag": 3.16,
      "place": "0 km WSW of Magas Arriba, Puerto Rico",
      "time": 1649802239250,
      "updated": 1649803330210,
      "tz": null,
      "url": "https://earthquake.usgs.gov/earthquakes/eventpage/pr71344378",
      "detail": "https://earthquake.usgs.gov/earthquakes/feed/v1.0/detail/pr71344378.geojson",
      "felt": null,
      "cdi": null,
      "mmi": null,
      "alert": null,
      "status": "reviewed",
      "tsunami": 0,
      "sig": 154,
      "net": {
        "net": "pr",
        "description": "Puerto Rico Seismic Network"
       },
      "code": "71344378",
      "ids": ",us7000h1k7,pr71344378,",
      "sources": ",us,pr,",
      "types": ",origin,phase-data,",
      "nst": 31,
      "dmin": null,
      "rms": 0.19,
      "gap": 131,
      "magType": {
        "magType": "md",
        "magDescription": "md  (duration)",
        "Magnitude Range": "~4 or smaller", 
        "Distance Range": "0 - 400 km"
    },
      "type": "earthquake",
      "title": "M 3.2 - 0 km WSW of Magas Arriba, Puerto Rico"
    },
    "geometry": {
      "type": "Point",
      "coordinates": [
        -66.7761666666667,
        18.0138333333333,
        12.92
      ]
    },
    "id": "pr71344378"
  }
  {
    "type": "Feature",
    "properties": {
      "mag": 1.7,
      "place": "22 km NNW of Nelchina, Alaska",
      "time": 1649802189095,
      "updated": 1649802417335,
      "tz": null,
      "url": "https://earthquake.usgs.gov/earthquakes/eventpage/ak0224p21vuk",
      "detail": "https://earthquake.usgs.gov/earthquakes/feed/v1.0/detail/ak0224p21vuk.geojson",
      "felt": null,
      "cdi": null,
      "mmi": null,
      "alert": null,
      "status": "automatic",
      "tsunami": 0,
      "sig": 44,
      "net": {
        "net": "ak",
        "description": "Alaska Earthquake Center"
    },
      "code": "0224p21vuk",
      "ids": ",ak0224p21vuk,",
      "sources": ",ak,",
      "types": ",origin,phase-data,",
      "nst": null,
      "dmin": null,
      "rms": 0.81,
      "gap": null,
      "magType": {
        "magType": "ml",
        "magDescription": "ml  (local)",
        "Magnitude Range": "~2.0 to ~6.5", 
        "Distance Range": "0 - 600 km"
      },
      "type": "earthquake",
      "title": "M 1.7 - 22 km NNW of Nelchina, Alaska"
    },
    "geometry": {
      "type": "Point",
      "coordinates": [
        -146.9812,
        62.1726,
        41.5
      ]
    },
    "id": "ak0224p21vuk"
  }
  {
    "type": "Feature",
    "properties": {
      "mag": 0.92,
      "place": "8km S of San Diego Country Estates, CA",
      "time": 1649800252360,
      "updated": 1649800465641,
      "tz": null,
      "url": "https://earthquake.usgs.gov/earthquakes/eventpage/ci39991031",
      "detail": "https://earthquake.usgs.gov/earthquakes/feed/v1.0/detail/ci39991031.geojson",
      "felt": null,
      "cdi": null,
      "mmi": null,
      "alert": null,
      "status": "automatic",
      "tsunami": 0,
      "sig": 13,
      "net": {
        "net": "ci",
        "description": "California Integrated Seismic Network: Southern California Seismic Network (Caltech/USGS Pasadena and Partners) and Southern California Earthquake Data Center"
    },
      "code": "39991031",
      "ids": ",ci39991031,",
      "sources": ",ci,",
      "types": ",nearby-cities,origin,phase-data,scitech-link,",
      "nst": 13,
      "dmin": 0.1698,
      "rms": 0.18,
      "gap": 260,
      "magType": {
        "magType": "ml",
        "magDescription": "ml  (local)",
        "Magnitude Range": "~2.0 to ~6.5", 
        "Distance Range": "0 - 600 km"
    },
      "type": "earthquake",
      "title": "M 0.9 - 8km S of San Diego Country Estates, CA"
    },
    "geometry": {
      "type": "Point",
      "coordinates": [
        -116.779,
        32.9331667,
        17.25
      ]
    },
    "id": "ci39991031"
  }
  {
    "type": "Feature",
    "properties": {
      "mag": 2.44,
      "place": "15 km SW of Leilani Estates, Hawaii",
      "time": 1649800139360,
      "updated": 1649803122430,
      "tz": null,
      "url": "https://earthquake.usgs.gov/earthquakes/eventpage/hv72982037",
      "detail": "https://earthquake.usgs.gov/earthquakes/feed/v1.0/detail/hv72982037.geojson",
      "felt": null,
      "cdi": null,
      "mmi": null,
      "alert": null,
      "status": "reviewed",
      "tsunami": 0,
      "sig": 92,
      "net": {
        "net": "hv",
        "description": "Hawaii Volcano Observatory"
       },
      "code": "72982037",
      "ids": ",us7000h1k5,hv72982037,",
      "sources": ",us,hv,",
      "types": ",origin,phase-data,",
      "nst": 49,
      "dmin": null,
      "rms": 0.29,
      "gap": 201,
      "magType": {
        "magType": "ml",
        "magDescription": "ml  (local)",
        "Magnitude Range": "~2.0 to ~6.5", 
        "Distance Range": "0 - 600 km"
    },
      "type": "earthquake",
      "title": "M 2.4 - 15 km SW of Leilani Estates, Hawaii"
    },
    "geometry": {
      "type": "Point",
      "coordinates": [
        -155.005666666667,
        19.3545,
        0.13
      ]
    },
    "id": "hv72982037"
  }
  {
    "type": "Feature",
    "properties": {
      "mag": 1.33,
      "place": "8 km E of Pāhala, Hawaii",
      "time": 1649799769560,
      "updated": 1649801617920,
      "tz": null,
      "url": "https://earthquake.usgs.gov/earthquakes/eventpage/hv72982027",
      "detail": "https://earthquake.usgs.gov/earthquakes/feed/v1.0/detail/hv72982027.geojson",
      "felt": null,
      "cdi": null,
      "mmi": null,
      "alert": null,
      "status": "reviewed",
      "tsunami": 0,
      "sig": 27,
      "net": {
        "net": "hv",
        "description": "Hawaii Volcano Observatory"
    },
      "code": "72982027",
      "ids": ",hv72982027,",
      "sources": ",hv,",
      "types": ",origin,phase-data,",
      "nst": 10,
      "dmin": null,
      "rms": 0.09,
      "gap": 181,
      "magType": {
        "magType": "md",
        "magDescription": "md  (duration)",
        "Magnitude Range": "~4 or smaller", 
        "Distance Range": "0 - 400 km"
    },
      "type": "earthquake",
      "title": "M 1.3 - 8 km E of Pāhala, Hawaii"
    },
    "geometry": {
      "type": "Point",
      "coordinates": [
        -155.398833333333,
        19.2173333333333,
        30.51
      ]
    },
    "id": "hv72982027"
  }